20070611,6/11/2007
20060919,9/19/2006
20071113,11/13/2007
20071219,12/19/2007
20060110,1/10/2006
20080827,8/27/2008
20050709,7/9/2005
20061106,11/6/2006
20061212,12/12/2006
20060417,4/17/2006
20060523,5/23/2006
20080624,6/24/2008
20070723,7/23/2007
20080123,1/23/2008
20060908,9/8/2006
20071102,11/2/2007
20071208,12/8/2007
20080816,8/16/2008
20061201,12/1/2006
20060512,5/12/2006
20070503,5/3/2007
20080613,6/13/2008
20070127,1/27/2007
20080112,1/12/2008
20080324,3/24/2008
20080410,4/10/2008
20050928,9/28/2005
20070429,4/29/2007
20051115,11/15/2005
20051221,12/21/2005
20080708,7/8/2008
20060309,3/9/2006
20080505,5/5/2008
20061030,10/30/2006
20050917,9/17/2005
20051104,11/4/2005
20051210,12/10/2005
20071026,10/26/2007
20101126,11/26/2010
20070326,3/26/2007
20050809,8/9/2005
20070823,8/23/2007
20060724,7/24/2006
20060612,6/12/2006
20070812,8/12/2007
20070227,2/27/2007
20080212,2/12/2008
20051028,10/28/2005
20070629,6/29/2007
20070216,2/16/2007
20080201,2/1/2008
20060504,5/4/2006
20080605,6/5/2008
20061130,11/30/2006
20070704,7/4/2007
20070624,6/24/2007
20071126,11/26/2007
20060123,1/23/2006
20050722,7/22/2005
20061119,11/19/2006
20070108,1/8/2007
20061225,12/25/2006
20060430,4/30/2006
20080305,3/5/2008
20071221,12/21/2007
20080829,8/29/2008
20070410,4/10/2007
20070516,5/16/2007
20080125,1/25/2008
20060824,8/24/2006
20071018,10/18/2007
20101118,11/18/2010
20061011,10/11/2006
20080423,4/23/2008
20080529,5/29/2008
20070505,5/5/2007
20070912,9/12/2007
20060813,8/13/2006
20071007,10/7/2007
20051128,11/28/2005
20101107,11/7/2010
20080721,7/21/2008
20060322,3/22/2006
20080412,4/12/2008
20070307,3/7/2007
20080518,5/18/2008
20050930,9/30/2005
20070901,9/1/2007
20051223,12/23/2005
20060311,3/11/2006
20060705,7/5/2006
20051020,10/20/2005
20060630,6/30/2006
20060223,2/23/2006
20050822,8/22/2005
20070208,2/8/2007
20051009,10/9/2005
20060212,2/12/2006
20060625,6/25/2006
20070825,8/25/2007
20080225,2/25/2008
20050714,7/14/2005
20070605,6/5/2007
20060913,9/13/2006
20071107,11/7/2007
20071213,12/13/2007
20060104,1/4/2006
20080821,8/21/2008
20050703,7/3/2005
20061206,12/6/2006
20060411,4/11/2006
20060517,5/17/2006
20080618,6/18/2008
20070717,7/17/2007
20080117,1/17/2008
20060902,9/2/2006
20071202,12/2/2007
20080810,8/10/2008
20060506,5/6/2006
20080607,6/7/2008
20070706,7/6/2007
20070121,1/21/2007
20080106,1/6/2008
20080318,3/18/2008
20050922,9/22/2005
20070423,4/23/2007
20070529,5/29/2007
20080307,3/7/2008
20051109,11/9/2005
20051215,12/15/2005
20080702,7/2/2008
20071031,10/31/2007
20061024,10/24/2006
20050911,9/11/2005
20070518,5/18/2007
20070925,9/25/2007
20051204,12/4/2005
20060826,8/26/2006
20071020,10/20/2007
20101120,11/20/2010
20061013,10/13/2006
20080425,4/25/2008
20070320,3/20/2007
20080531,5/31/2008
20070914,9/14/2007
20060324,3/24/2006
20050803,8/3/2005
20070309,3/9/2007
20060718,7/18/2006
20060606,6/6/2006
20070806,8/6/2007
20070221,2/21/2007
20060707,7/7/2006
20080206,2/6/2008
20051022,10/22/2005
20060225,2/25/2006
20070210,2/10/2007
20050727,7/27/2005
20070618,6/18/2007
20060926,9/26/2006
20071120,11/20/2007
20071226,12/26/2007
20060117,1/17/2006
20050716,7/16/2005
20061113,11/13/2006
20070102,1/2/2007
20061219,12/19/2006
20060424,4/24/2006
20060530,5/30/2006
20070730,7/30/2007
20080130,1/30/2008
20060915,9/15/2006
20071109,11/9/2007
20071215,12/15/2007
20060106,1/6/2006
20080823,8/23/2008
20061208,12/8/2006
20070404,4/4/2007
20060519,5/19/2006
20070510,5/10/2007
20080620,6/20/2008
20080119,1/19/2008
20080331,3/31/2008
20061005,10/5/2006
20080417,4/17/2008
20070906,9/6/2007
20060807,8/7/2006
20071001,10/1/2007
20051122,11/22/2005
20101101,11/1/2010
20051228,12/28/2005
20080715,7/15/2008
20060316,3/16/2006
20080406,4/6/2008
20070301,3/1/2007
20080512,5/12/2008
20050924,9/24/2005
20051111,11/11/2005
20051217,12/17/2005
20080704,7/4/2008
20060305,3/5/2006
20050816,8/16/2005
20070830,8/30/2007
20051003,10/3/2005
20060731,7/31/2006
20060206,2/6/2006
20050805,8/5/2005
20060619,6/19/2006
20070819,8/19/2007
20080219,2/19/2008
20070223,2/23/2007
20080208,2/8/2008
20060907,9/7/2006
20071101,11/1/2007
20060405,4/5/2006
20060511,5/11/2006
20080612,6/12/2008
20070711,7/11/2007
20080804,8/4/2008
20060130,1/30/2006
20050729,7/29/2005
20080601,6/1/2008
20061126,11/26/2006
20070115,1/15/2007
20080312,3/12/2008
20071228,12/28/2007
20070417,4/17/2007
20070523,5/23/2007
20080301,3/1/2008
20051103,11/3/2005
20060831,8/31/2006
20071025,10/25/2007
20101125,11/25/2010
20061018,10/18/2006
20080430,4/30/2008
20050905,9/5/2005
20070406,4/6/2007
20070512,5/12/2007
20070919,9/19/2007
20060820,8/20/2006
20071014,10/14/2007
20101114,11/14/2010
20080728,7/28/2008
20060329,3/29/2006
20061007,10/7/2006
20080419,4/19/2008
20070314,3/14/2007
20080525,5/25/2008
20070908,9/8/2007
20051230,12/30/2005
20060318,3/18/2006
20070303,3/3/2007
20060712,7/12/2006
20051027,10/27/2005
20050829,8/29/2005
20070215,2/15/2007
20060701,7/1/2006
20051016,10/16/2005
20060219,2/19/2006
20070204,2/4/2007
20080630,6/30/2008
20050721,7/21/2005
20070612,6/12/2007
20060920,9/20/2006
20071114,11/14/2007
20071220,12/20/2007
20060111,1/11/2006
20080828,8/28/2008
20050710,7/10/2005
20061107,11/7/2006
20061213,12/13/2006
20060418,4/18/2006
20060524,5/24/2006
20080625,6/25/2008
20070724,7/24/2007
20070601,6/1/2007
20080124,1/24/2008
20060909,9/9/2006
20071103,11/3/2007
20071209,12/9/2007
20080817,8/17/2008
20061202,12/2/2006
20060407,4/7/2006
20060513,5/13/2006
20080614,6/14/2008
20070713,7/13/2007
20070128,1/28/2007
20080113,1/13/2008
20080325,3/25/2008
20050929,9/29/2005
20070430,4/30/2007
20060801,8/1/2006
20080314,3/14/2008
20051116,11/16/2005
20051222,12/22/2005
20080709,7/9/2008
20080506,5/6/2008
20061031,10/31/2006
20050918,9/18/2005
20070525,5/25/2007
20051105,11/5/2005
20051211,12/11/2005
20071027,10/27/2007
20101127,11/27/2010
20061020,10/20/2006
20070327,3/27/2007
20070921,9/21/2007
20060331,3/31/2006
20050810,8/10/2005
20070316,3/16/2007
20060725,7/25/2006
20061103,11/3/2006
20060613,6/13/2006
20070813,8/13/2007
20070228,2/28/2007
20060714,7/14/2006
20080213,2/13/2008
20051029,10/29/2005
20070630,6/30/2007
20060602,6/2/2006
20070217,2/17/2007
20080202,2/2/2008
20070705,7/5/2007
20070625,6/25/2007
20071127,11/27/2007
20060124,1/24/2006
20050723,7/23/2005
20061120,11/20/2006
20070109,1/9/2007
20061226,12/26/2006
20080306,3/6/2008
20060922,9/22/2006
20071116,11/16/2007
20071222,12/22/2007
20060113,1/13/2006
20080830,8/30/2008
20061215,12/15/2006
20070411,4/11/2007
20060526,5/26/2006
20070517,5/17/2007
20080126,1/26/2008
20061012,10/12/2006
20080424,4/24/2008
20070506,5/6/2007
20070913,9/13/2007
20060814,8/14/2006
20071008,10/8/2007
20051129,11/29/2005
20101108,11/8/2010
20080722,7/22/2008
20060323,3/23/2006
20061001,10/1/2006
20080413,4/13/2008
20070308,3/8/2007
20080519,5/19/2008
20070902,9/2/2007
20051118,11/18/2005
20051224,12/24/2005
20080711,7/11/2008
20060312,3/12/2006
20060706,7/6/2006
20050823,8/23/2005
20051010,10/10/2005
20060213,2/13/2006
20050812,8/12/2005
20060626,6/26/2006
20070826,8/26/2007
20080226,2/26/2008
20070606,6/6/2007
20080215,2/15/2008
20060914,9/14/2006
20071108,11/8/2007
20060105,1/5/2006
20050704,7/4/2005
20061101,11/1/2006
20061207,12/7/2006
20060412,4/12/2006
20060518,5/18/2006
20080619,6/19/2008
20070718,7/18/2007
20060903,9/3/2006
20071203,12/3/2007
20080811,8/11/2008
20060401,4/1/2006
20060507,5/7/2006
20080608,6/8/2008
20070707,7/7/2007
20070122,1/22/2007
20080107,1/7/2008
20080319,3/19/2008
20070424,4/24/2007
20070530,5/30/2007
20080308,3/8/2008
20051110,11/10/2005
20080703,7/3/2008
20061025,10/25/2006
20050912,9/12/2005
20070413,4/13/2007
20070519,5/19/2007
20070926,9/26/2007
20051205,12/5/2005
20060827,8/27/2006
20071021,10/21/2007
20101121,11/21/2010
20061014,10/14/2006
20080426,4/26/2008
20070321,3/21/2007
20070915,9/15/2007
20060325,3/25/2006
20050804,8/4/2005
20070310,3/10/2007
20060719,7/19/2006
20060607,6/7/2006
20070807,8/7/2007
20070222,2/22/2007
20060708,7/8/2006
20080207,2/7/2008
20051023,10/23/2005
20060226,2/26/2006
20070211,2/11/2007
20050728,7/28/2005
20070619,6/19/2007
20060927,9/27/2006
20071121,11/21/2007
20071227,12/27/2007
20060118,1/18/2006
20050717,7/17/2005
20061114,11/14/2006
20070103,1/3/2007
20061220,12/20/2006
20060425,4/25/2006
20060531,5/31/2006
20070731,7/31/2007
20070608,6/8/2007
20080131,1/31/2008
20060916,9/16/2006
20071110,11/10/2007
20071216,12/16/2007
20060107,1/7/2006
20080824,8/24/2008
20061209,12/9/2006
20060414,4/14/2006
20070405,4/5/2007
20060520,5/20/2006
20080621,6/21/2008
20070720,7/20/2007
20080120,1/20/2008
20060808,8/8/2006
20071002,10/2/2007
20080321,3/21/2008
20051123,11/23/2005
20101102,11/2/2010
20051229,12/29/2005
20080716,7/16/2008
20080407,4/7/2008
20080513,5/13/2008
20050925,9/25/2005
20051112,11/12/2005
20051218,12/18/2005
20080705,7/5/2008
20060306,3/6/2006
20080502,5/2/2008
20061027,10/27/2006
20070928,9/28/2007
20050817,8/17/2005
20070323,3/23/2007
20051004,10/4/2005
20061110,11/10/2006
20060207,2/7/2006
20050806,8/6/2005
20060620,6/20/2006
20070820,8/20/2007
20060721,7/21/2006
20080220,2/20/2008
20060609,6/9/2006
20070224,2/24/2007
20080209,2/9/2008
20060406,4/6/2006
20070712,7/12/2007
20080805,8/5/2008
20060131,1/31/2006
20060501,5/1/2006
20050730,7/30/2005
20080602,6/2/2008
20061127,11/27/2006
20070701,7/1/2007
20070116,1/16/2007
20080101,1/1/2008
20080313,3/13/2008
20060929,9/29/2006
20071123,11/23/2007
20071229,12/29/2007
20060120,1/20/2006
20070105,1/5/2007
20061222,12/22/2006
20070418,4/18/2007
20070524,5/24/2007
20080302,3/2/2008
20061019,10/19/2006
20050906,9/6/2005
20070407,4/7/2007
20070513,5/13/2007
20070920,9/20/2007
20060821,8/21/2006
20071015,10/15/2007
20101115,11/15/2010
20080729,7/29/2008
20060330,3/30/2006
20061008,10/8/2006
20080420,4/20/2008
20070315,3/15/2007
20080526,5/26/2008
20070909,9/9/2007
20051125,11/25/2005
20051231,12/31/2005
20080718,7/18/2008
20060319,3/19/2006
20070304,3/4/2007
20060713,7/13/2006
20060601,6/1/2006
20050830,8/30/2005
20070801,8/1/2007
20060702,7/2/2006
20051017,10/17/2005
20060220,2/20/2006
20050819,8/19/2005
20070205,2/5/2007
20070613,6/13/2007
20080222,2/22/2008
20060921,9/21/2006
20071115,11/15/2007
20060112,1/12/2006
20050711,7/11/2005
20061108,11/8/2006
20061214,12/14/2006
20060419,4/19/2006
20060525,5/25/2006
20080626,6/26/2008
20070725,7/25/2007
20070602,6/2/2007
20060910,9/10/2006
20071104,11/4/2007
20071210,12/10/2007
20060101,1/1/2006
20080818,8/18/2008
20061203,12/3/2006
20060408,4/8/2006
20060514,5/14/2006
20080615,6/15/2008
20070714,7/14/2007
20070129,1/29/2007
20080114,1/14/2008
20080326,3/26/2008
20060802,8/2/2006
20080315,3/15/2008
20051117,11/17/2005
20080710,7/10/2008
20080401,4/1/2008
20080507,5/7/2008
20050919,9/19/2005
20070420,4/20/2007
20070526,5/26/2007
20051106,11/6/2005
20051212,12/12/2005
20071028,10/28/2007
20101128,11/28/2010
20061021,10/21/2006
20070328,3/28/2007
20070922,9/22/2007
20050811,8/11/2005
20070317,3/17/2007
20060726,7/26/2006
20061104,11/4/2006
20060201,2/1/2006
20060614,6/14/2006
20070814,8/14/2007
20060715,7/15/2006
20080214,2/14/2008
20051030,10/30/2005
20060603,6/3/2006
20070803,8/3/2007
20070218,2/18/2007
20080203,2/3/2008
20070626,6/26/2007
20071128,11/28/2007
20060125,1/25/2006
20050724,7/24/2005
20061121,11/21/2006
20070110,1/10/2007
20061227,12/27/2006
20070615,6/15/2007
20060923,9/23/2006
20071117,11/17/2007
20071223,12/23/2007
20060114,1/14/2006
20080831,8/31/2008
20061216,12/16/2006
20060421,4/21/2006
20070412,4/12/2007
20060527,5/27/2006
20070727,7/27/2007
20080127,1/27/2008
20070401,4/1/2007
20070507,5/7/2007
20060815,8/15/2006
20071009,10/9/2007
20080328,3/28/2008
20051130,11/30/2005
20101109,11/9/2010
20080723,7/23/2008
20061002,10/2/2006
20080414,4/14/2008
20080520,5/20/2008
20070903,9/3/2007
20060804,8/4/2006
20051119,11/19/2005
20051225,12/25/2005
20080712,7/12/2008
20060313,3/13/2006
20080509,5/9/2008
20050824,8/24/2005
20070330,3/30/2007
20051011,10/11/2005
20061117,11/17/2006
20060214,2/14/2006
20050813,8/13/2005
20060627,6/27/2006
20070827,8/27/2007
20060728,7/28/2006
20080227,2/27/2008
20060203,2/3/2006
20060616,6/16/2006
20070607,6/7/2007
20080216,2/16/2008
20050705,7/5/2005
20061102,11/2/2006
20060413,4/13/2006
20070719,7/19/2007
20060904,9/4/2006
20071204,12/4/2007
20080812,8/12/2008
20060402,4/2/2006
20060508,5/8/2006
20080609,6/9/2008
20070708,7/8/2007
20070123,1/23/2007
20080108,1/8/2008
20080320,3/20/2008
20080801,8/1/2008
20071130,11/30/2007
20060127,1/27/2006
20070112,1/12/2007
20061229,12/29/2006
20070425,4/25/2007
20070531,5/31/2007
20080309,3/9/2008
20080501,5/1/2008
20061026,10/26/2006
20050913,9/13/2005
20070414,4/14/2007
20070520,5/20/2007
20070927,9/27/2007
20051206,12/6/2005
20060828,8/28/2006
20071022,10/22/2007
20101122,11/22/2010
20061015,10/15/2006
20080427,4/27/2008
20070322,3/22/2007
20050902,9/2/2005
20070916,9/16/2007
20080725,7/25/2008
20060326,3/26/2006
20070311,3/11/2007
20060720,7/20/2006
20060608,6/8/2006
20070808,8/8/2007
20060709,7/9/2006
20051024,10/24/2005
20060227,2/27/2006
20050826,8/26/2005
20070212,2/12/2007
20070620,6/20/2007
20080229,2/29/2008
20060928,9/28/2006
20080627,6/27/2008
20071122,11/22/2007
20060119,1/19/2006
20050718,7/18/2005
20061115,11/15/2006
20070104,1/4/2007
20061221,12/21/2006
20060426,4/26/2006
20070609,6/9/2007
20060917,9/17/2006
20071111,11/11/2007
20071217,12/17/2007
20060108,1/8/2006
20080825,8/25/2008
20061210,12/10/2006
20060415,4/15/2006
20060521,5/21/2006
20080622,6/22/2008
20070721,7/21/2007
20080121,1/21/2008
20070501,5/1/2007
20060809,8/9/2006
20071003,10/3/2007
20080322,3/22/2008
20051124,11/24/2005
20101103,11/3/2010
20080717,7/17/2008
20080408,4/8/2008
20080514,5/14/2008
20050926,9/26/2005
20070427,4/27/2007
20051113,11/13/2005
20051219,12/19/2005
20080706,7/6/2008
20060307,3/7/2006
20080503,5/3/2008
20061028,10/28/2006
20070929,9/29/2007
20050818,8/18/2005
20070324,3/24/2007
20051005,10/5/2005
20061111,11/11/2006
20060208,2/8/2006
20050807,8/7/2005
20060621,6/21/2006
20070821,8/21/2007
20060722,7/22/2006
20080221,2/21/2008
20060610,6/10/2006
20070810,8/10/2007
20070225,2/25/2007
20080210,2/10/2008
20080806,8/6/2008
20060502,5/2/2006
20050731,7/31/2005
20080603,6/3/2008
20061128,11/28/2006
20070702,7/2/2007
20070117,1/17/2007
20080102,1/2/2008
20070622,6/22/2007
20060930,9/30/2006
20071124,11/24/2007
20071230,12/30/2007
20060121,1/21/2006
20070106,1/6/2007
20061223,12/23/2006
20060428,4/28/2006
20070419,4/19/2007
20080303,3/3/2008
20050907,9/7/2005
20070408,4/8/2007
20070514,5/14/2007
20060822,8/22/2006
20071016,10/16/2007
20101116,11/16/2010
20080730,7/30/2008
20061009,10/9/2006
20080421,4/21/2008
20080527,5/27/2008
20070910,9/10/2007
20060811,8/11/2006
20071005,10/5/2007
20051126,11/26/2005
20101105,11/5/2010
20080719,7/19/2008
20060320,3/20/2006
20070305,3/5/2007
20080516,5/16/2008
20050831,8/31/2005
20070802,8/2/2007
20060703,7/3/2006
20051018,10/18/2005
20061124,11/24/2006
20060221,2/21/2006
20050820,8/20/2005
20070206,2/6/2007
20051007,10/7/2005
20060210,2/10/2006
20060623,6/23/2006
20070614,6/14/2007
20080223,2/23/2008
20050712,7/12/2005
20061109,11/9/2006
20060420,4/20/2006
20070726,7/26/2007
20070603,6/3/2007
20060911,9/11/2006
20071105,11/5/2007
20071211,12/11/2007
20060102,1/2/2006
20080819,8/19/2008
20050701,7/1/2005
20061204,12/4/2006
20060409,4/9/2006
20060515,5/15/2006
20080616,6/16/2008
20070715,7/15/2007
20070130,1/30/2007
20080115,1/15/2008
20080327,3/27/2008
20080808,8/8/2008
20070119,1/19/2007
20080104,1/4/2008
20060803,8/3/2006
20080316,3/16/2008
20080402,4/2/2008
20080508,5/8/2008
20050920,9/20/2005
20070421,4/21/2007
20070527,5/27/2007
20051107,11/7/2005
20051213,12/13/2005
20071029,10/29/2007
20060301,3/1/2006
20101129,11/29/2010
20061022,10/22/2006
20070329,3/29/2007
20050909,9/9/2005
20070923,9/23/2007
20051202,12/2/2005
20070318,3/18/2007
20060727,7/27/2006
20060202,2/2/2006
20050801,8/1/2005
20060615,6/15/2006
20070815,8/15/2007
20060716,7/16/2006
20051031,10/31/2005
20060604,6/4/2006
20070804,8/4/2007
20070219,2/19/2007
20080204,2/4/2008
20070627,6/27/2007
20071129,11/29/2007
20060126,1/26/2006
20050725,7/25/2005
20061122,11/22/2006
20070111,1/11/2007
20061228,12/28/2006
20070616,6/16/2007
20060924,9/24/2006
20071118,11/18/2007
20071224,12/24/2007
20060115,1/15/2006
20061217,12/17/2006
20060422,4/22/2006
20060528,5/28/2006
20070728,7/28/2007
20080128,1/28/2008
20050901,9/1/2005
20070402,4/2/2007
20070508,5/8/2007
20060816,8/16/2006
20071010,10/10/2007
20080329,3/29/2008
20101110,11/10/2010
20080724,7/24/2008
20061003,10/3/2006
20080415,4/15/2008
20080521,5/21/2008
20070904,9/4/2007
20060805,8/5/2006
20051120,11/20/2005
20051226,12/26/2005
20080713,7/13/2008
20060314,3/14/2006
20080404,4/4/2008
20080510,5/10/2008
20060303,3/3/2006
20050825,8/25/2005
20070331,3/31/2007
20051012,10/12/2005
20061118,11/18/2006
20060215,2/15/2006
20050814,8/14/2005
20060628,6/28/2006
20070828,8/28/2007
20051001,10/1/2005
20060729,7/29/2006
20080228,2/28/2008
20060204,2/4/2006
20060617,6/17/2006
20070817,8/17/2007
20080217,2/17/2008
20050706,7/6/2005
20060905,9/5/2006
20071205,12/5/2007
20080813,8/13/2008
20060403,4/3/2006
20060509,5/9/2006
20080610,6/10/2008
20070709,7/9/2007
20070124,1/24/2007
20080109,1/9/2008
20080802,8/2/2008
20060128,1/28/2006
20070113,1/13/2007
20061230,12/30/2006
20070426,4/26/2007
20080310,3/10/2008
20050914,9/14/2005
20070415,4/15/2007
20070521,5/21/2007
20051101,11/1/2005
20051207,12/7/2005
20060829,8/29/2006
20071023,10/23/2007
20101123,11/23/2010
20061016,10/16/2006
20080428,4/28/2008
20050903,9/3/2005
20070917,9/17/2007
20060818,8/18/2006
20071012,10/12/2007
20101112,11/12/2010
20080726,7/26/2008
20060327,3/27/2006
20070312,3/12/2007
20080523,5/23/2008
20070809,8/9/2007
20060710,7/10/2006
20051025,10/25/2005
20060228,2/28/2006
20050827,8/27/2005
20070213,2/13/2007
20051014,10/14/2005
20060217,2/17/2006
20070202,2/2/2007
20070621,6/21/2007
20080628,6/28/2008
20050719,7/19/2005
20061116,11/16/2006
20060427,4/27/2006
20070610,6/10/2007
20060918,9/18/2006
20071112,11/12/2007
20071218,12/18/2007
20060109,1/9/2006
20080826,8/26/2008
20050708,7/8/2005
20061105,11/5/2006
20061211,12/11/2006
20060416,4/16/2006
20060522,5/22/2006
20080623,6/23/2008
20070722,7/22/2007
20080122,1/22/2008
20071207,12/7/2007
20080815,8/15/2008
20070502,5/2/2007
20070126,1/26/2007
20080111,1/11/2008
20060810,8/10/2006
20071004,10/4/2007
20080323,3/23/2008
20101104,11/4/2010
20080409,4/9/2008
20080515,5/15/2008
20050927,9/27/2005
20070428,4/28/2007
20051114,11/14/2005
20051220,12/20/2005
20080707,7/7/2008
20060308,3/8/2006
20080504,5/4/2008
20061029,10/29/2006
20050916,9/16/2005
20070930,9/30/2007
20051209,12/9/2005
20070325,3/25/2007
20051006,10/6/2005
20060209,2/9/2006
20050808,8/8/2005
20060622,6/22/2006
20070822,8/22/2007
20060723,7/23/2006
20060611,6/11/2006
20070811,8/11/2007
20070226,2/26/2007
20080211,2/11/2008
20080807,8/7/2008
20060503,5/3/2006
20080604,6/4/2008
20061129,11/29/2006
20070703,7/3/2007
20070118,1/18/2007
20080103,1/3/2008
20070623,6/23/2007
20071125,11/25/2007
20071231,12/31/2007
20060122,1/22/2006
20070107,1/7/2007
20061224,12/24/2006
20060429,4/29/2006
20080304,3/4/2008
20050908,9/8/2005
20070409,4/9/2007
20070515,5/15/2007
20051201,12/1/2005
20060823,8/23/2006
20071017,10/17/2007
20101117,11/17/2010
20080731,7/31/2008
20061010,10/10/2006
20080422,4/22/2008
20080528,5/28/2008
20070504,5/4/2007
20070911,9/11/2007
20060812,8/12/2006
20071006,10/6/2007
20051127,11/27/2005
20101106,11/6/2010
20080720,7/20/2008
20060321,3/21/2006
20080411,4/11/2008
20070306,3/6/2007
20080517,5/17/2008
20060310,3/10/2006
20060704,7/4/2006
20051019,10/19/2005
20061125,11/25/2006
20060222,2/22/2006
20050821,8/21/2005
20070207,2/7/2007
20051008,10/8/2005
20060211,2/11/2006
20060624,6/24/2006
20070824,8/24/2007
20080224,2/24/2008
20050713,7/13/2005
20070604,6/4/2007
20060912,9/12/2006
20071106,11/6/2007
20071212,12/12/2007
20060103,1/3/2006
20080820,8/20/2008
20050702,7/2/2005
20061205,12/5/2006
20060410,4/10/2006
20060516,5/16/2006
20080617,6/17/2008
20070716,7/16/2007
20070131,1/31/2007
20080116,1/16/2008
20060901,9/1/2006
20071201,12/1/2007
20080809,8/9/2008
20060505,5/5/2006
20080606,6/6/2008
20070120,1/20/2007
20080105,1/5/2008
20080317,3/17/2008
20080403,4/3/2008
20050921,9/21/2005
20070422,4/22/2007
20070528,5/28/2007
20051108,11/8/2005
20051214,12/14/2005
20080701,7/1/2008
20071030,10/30/2007
20060302,3/2/2006
20101130,11/30/2010
20061023,10/23/2006
20050910,9/10/2005
20070924,9/24/2007
20051203,12/3/2005
20060825,8/25/2006
20071019,10/19/2007
20101119,11/19/2010
20070319,3/19/2007
20080530,5/30/2008
20050802,8/2/2005
20070816,8/16/2007
20060717,7/17/2006
20060605,6/5/2006
20070805,8/5/2007
20070220,2/20/2007
20080205,2/5/2008
20051021,10/21/2005
20060224,2/24/2006
20070209,2/9/2007
20070628,6/28/2007
20050726,7/26/2005
20061123,11/23/2006
20070617,6/17/2007
20060925,9/25/2006
20071119,11/19/2007
20071225,12/25/2007
20060116,1/16/2006
20050715,7/15/2005
20061112,11/12/2006
20070101,1/1/2007
20061218,12/18/2006
20060423,4/23/2006
20060529,5/29/2006
20070729,7/29/2007
20080129,1/29/2008
20071214,12/14/2007
20080822,8/22/2008
20070403,4/3/2007
20070509,5/9/2007
20080118,1/18/2008
20060817,8/17/2006
20071011,10/11/2007
20080330,3/30/2008
20101111,11/11/2010
20061004,10/4/2006
20080416,4/16/2008
20080522,5/22/2008
20070905,9/5/2007
20060806,8/6/2006
20051121,11/21/2005
20051227,12/27/2005
20080714,7/14/2008
20060315,3/15/2006
20080405,4/5/2008
20080511,5/11/2008
20050923,9/23/2005
20051216,12/16/2005
20060304,3/4/2006
20051013,10/13/2005
20060216,2/16/2006
20050815,8/15/2005
20070201,2/1/2007
20060629,6/29/2006
20070829,8/29/2007
20051002,10/2/2005
20060730,7/30/2006
20060205,2/5/2006
20060618,6/18/2006
20070818,8/18/2007
20080218,2/18/2008
20050707,7/7/2005
20060906,9/6/2006
20071206,12/6/2007
20080814,8/14/2008
20060404,4/4/2006
20060510,5/10/2006
20080611,6/11/2008
20070710,7/10/2007
20070125,1/25/2007
20080110,1/10/2008
20080803,8/3/2008
20060129,1/29/2006
20070114,1/14/2007
20061231,12/31/2006
20080311,3/11/2008
20050915,9/15/2005
20070416,4/16/2007
20070522,5/22/2007
20051102,11/2/2005
20051208,12/8/2005
20060830,8/30/2006
20071024,10/24/2007
20101124,11/24/2010
20061017,10/17/2006
20080429,4/29/2008
20050904,9/4/2005
20070511,5/11/2007
20070918,9/18/2007
20060819,8/19/2006
20071013,10/13/2007
20101113,11/13/2010
20080727,7/27/2008
20060328,3/28/2006
20061006,10/6/2006
20080418,4/18/2008
20070313,3/13/2007
20080524,5/24/2008
20070907,9/7/2007
20060317,3/17/2006
20070302,3/2/2007
20060711,7/11/2006
20051026,10/26/2005
20050828,8/28/2005
20070214,2/14/2007
20051015,10/15/2005
20060218,2/18/2006
20070203,2/3/2007
20070831,8/31/2007
20080629,6/29/2008
20050720,7/20/2005
